,ind,Zoom_level,Format_RT,Longitude,Latitude
0,0,7.0,3.5,13.9405258249888,49.57916926717969
1,1,7.0,7.399999999906868,13.917454803216447,49.4871898476536
2,2,7.0,11.399999999906868,13.846043667523093,49.47719696958717
3,3,7.0,17.100000000093132,13.795506153777959,49.42505920153509
4,4,7.0,21.0,13.879002653227714,49.50716905066858
5,5,7.0,24.899999999906868,13.986668539085723,49.67737447482115
6,6,7.0,28.699999999720603,13.921848932312384,49.659598343842134
7,7,7.0,34.799999999813735,14.053684875130896,49.609790614974294
8,8,7.0,39.799999999813735,14.035008653006779,49.49646687386655
9,9,7.0,43.6999999997206,13.963597517313397,49.458633854899404
10,10,7.0,47.6999999997206,13.941624860176976,49.485048377157796
11,11,7.0,53.39999999990687,13.943821589448808,49.66955395107649
12,12,7.0,58.89999999990687,14.05148814585909,49.707223839080115
13,13,7.0,62.6999999997206,14.019627524790371,49.77041548144051
14,14,7.0,68.60000000009313,14.061375439239113,49.773963122660334
15,15,7.0,72.60000000009313,14.036107017642681,49.91353365642575
16,16,7.0,76.60000000009313,13.999852267478053,49.96868363772145
17,17,7.0,80.39999999990687,13.93942746035287,50.04423562176238
18,18,7.0,84.5,13.869114689295419,49.982814512378276
19,19,7.0,88.5,13.820775245926662,49.8080071802222
20,20,7.0,92.5,13.905369439460047,49.87319166761275
21,21,7.0,98.10000000009313,13.97348481069342,49.84769493464319
22,22,7.0,104.0,14.107518153336063,49.86611066346818
23,23,7.0,109.79999999981374,14.019627524790371,49.90575074390412
24,24,7.0,113.79999999981374,14.002049667302131,49.87035921765568
25,25,7.0,119.60000000009313,13.753758239329192,49.89301287027803
26,26,7.0,123.6999999997206,13.865818924835411,49.933338294074055
27,27,7.0,127.5,13.737278746476882,49.95737569117496
28,28,7.0,131.29999999981374,13.709812925056346,49.88735056165044
29,29,7.0,137.0,13.751560839505114,49.91211863558048
30,30,7.0,141.10000000009313,14.15036510297298,49.88593477268549
31,31,7.0,145.0,14.089940295847823,49.898674514621916
32,32,7.0,148.79999999981374,14.193211382057651,49.910703573215955
33,33,7.0,154.6999999997206,14.113011317620149,49.851945540707234
34,34,7.0,159.6999999997206,14.035008653006779,49.884518942194646
35,35,7.0,165.6999999997206,13.826268410210774,49.871067561807244
36,36,7.0,169.6999999997206,13.768040332357424,49.85619534065211
37,37,7.0,173.5,13.718601853800466,49.84627841528425
38,38,7.0,177.39999999990687,14.066868603523226,49.854070487395646
39,39,7.0,181.6999999997206,14.175633524569411,49.88168758871658
40,40,7.0,187.39999999990687,14.198704546341762,49.834941738506046
41,41,7.0,191.29999999981374,14.03940278210269,49.78034796267913
42,42,7.0,195.5,13.987766903721653,49.799498300967144
43,43,7.0,199.29999999981374,13.929539496420576,49.80020768383219
44,44,7.0,204.79999999981374,13.908665874472353,49.812970038556685
45,45,7.0,208.60000000009313,14.062474474427313,49.82572902868053
46,46,7.0,212.60000000009313,14.125096010824278,49.74344500800856
47,47,7.0,216.60000000009313,14.092137025119655,49.75125364474653
48,48,7.0,222.39999999990687,13.998753232289852,49.701539762448235
49,49,7.0,227.5,14.174534489381236,49.68519417491549
50,50,7.0,231.29999999981374,14.111912952984246,49.63612399064785
51,51,7.0,235.29999999981374,14.069066003347304,49.5713329625567
52,52,7.0,242.6999999997206,13.96579424658523,49.659598343842134
53,53,7.0,247.39999999990687,14.21847980365408,49.61904482094254
54,54,7.0,251.29999999981374,14.199803581529938,49.573470221796846
55,55,7.0,257.1999999997206,14.15146346760891,49.541400200881554
56,56,7.0,261.10000000009313,14.062474474427313,49.5848676470635
57,57,7.0,265.0,13.932835260880584,49.56634537045335
58,58,7.0,269.1999999997206,13.928441131784671,49.63256626978914
59,59,7.0,274.89999999990687,14.228367767586377,49.66457640211373
60,60,7.0,278.6999999997206,14.029515488722668,49.72569303734915
61,61,7.0,282.6999999997206,13.976780575153429,49.686615842895016
62,62,7.0,288.1999999997206,13.920750567676455,49.71574892391881
63,63,7.0,294.0,13.900975310364137,49.66884308982817
64,64,7.0,298.29999999981374,13.924046332136463,49.66884308982817
65,65,7.0,302.1999999997206,13.982273739437542,49.71930056485882
66,66,7.0,307.89999999990687,14.06467120369912,49.805880208802066
67,67,7.0,311.79999999981374,13.999852267478053,49.93545965991106
68,68,7.0,315.39999999990687,13.981175374801637,49.966563734859214
69,69,7.0,319.10000000009313,14.07565753226732,49.75409307367489
70,70,7.0,325.29999999981374,14.011936960682155,49.657464858407266
71,71,7.0,329.0,14.055882274955001,49.617621177900126
72,72,7.0,332.60000000009313,14.088841260659647,49.609790614974294
73,73,7.0,336.29999999981374,14.117406117268358,49.629720166581734
74,74,7.0,342.0,14.148167703148902,49.760480531228275
75,75,7.0,347.60000000009313,14.318455795956172,49.58914132127682
76,76,7.0,351.39999999990687,14.877659517746743,49.30700898695725
77,77,7.0,357.1999999997206,15.79172218873236,48.816781446244654
78,78,7.0,362.79999999981374,17.138646473526418,48.51712008536247
79,79,7.0,366.79999999981374,17.27707394526497,48.418781227061054
80,80,7.0,370.6999999997206,17.000219001787865,47.93085206533562
81,81,7.0,376.29999999981374,16.954075617138642,48.110151691886536
82,82,7.0,380.5,16.938694488922234,48.291752477120994
83,83,7.0,384.10000000009313,16.847508766468835,48.23031457250564
84,84,7.0,387.79999999981374,16.905735503217613,48.23763245963631
85,85,7.0,393.39999999990687,16.922214996069926,48.29248325542823
86,86,7.0,397.60000000009313,17.0276848232084,48.36698597511909
87,87,7.0,401.39999999990687,17.015598788899727,48.33778222995688
88,88,7.0,405.0,17.03757144603615,48.332669764519565
89,89,7.0,410.5,16.97714663891097,48.31806015039486
90,90,7.0,416.6999999997206,17.080418395673068,48.28298009056459
91,91,7.0,420.60000000009313,17.169407388854662,48.297599749023014
92,92,7.0,424.29999999981374,16.941990923934515,48.209086602381255
93,93,7.0,429.6999999997206,17.030979917116134,48.29540715629702
94,94,7.0,434.79999999981374,16.985936238207362,48.22153163706691
95,95,7.0,438.89999999990687,17.039769516412527,48.274206197172525
96,96,7.0,442.6999999997206,17.158421060286464,48.2902904429746
97,97,7.0,448.10000000009313,17.076023596024886,48.18785027641667
98,98,7.0,452.10000000009313,17.05185420961663,48.28298009056459
99,99,7.0,455.79999999981374,17.06503726745666,48.21860395484401
100,100,7.0,459.5,17.0035140956956,48.25007055517129
101,101,7.0,464.89999999990687,17.02219165892429,48.42388505251664
102,102,7.0,469.0,16.99033103785557,48.420239578771636
103,103,7.0,474.60000000009313,16.97494990963916,48.459597037943304
104,104,7.0,478.29999999981374,17.13425167387821,48.43992212002972
105,105,7.0,482.29999999981374,16.99033103785557,48.37866260868249
106,106,7.0,486.10000000009313,17.041966245684335,48.36844581212057
107,107,7.0,490.0,16.94968081749046,48.43117521567016
108,108,7.0,493.89999999990687,17.113377381377717,48.50037961312841
109,109,7.0,499.29999999981374,17.05624900926484,48.31806015039486
110,110,7.0,503.10000000009313,16.957372052150923,48.42388505251664
111,111,7.0,506.79999999981374,17.067235337833036,48.39836124569487
112,112,7.0,510.6999999997206,16.985936238207362,48.26689354264602
113,113,7.0,516.1999999997206,17.124363709945914,47.97794161303766
114,114,7.0,520.1000000000931,17.09689788852538,48.35895634637618
115,115,7.0,524.0,17.058445738536644,48.25665388966936
116,116,7.0,527.6999999997206,17.129856874230025,48.26689354264602
117,117,7.0,531.3999999999069,17.10239105280949,48.425343257804386
118,118,7.0,535.1999999997206,17.11008228746998,48.30344635129383
119,119,7.0,538.8999999999069,17.101292688173586,48.241291010731615
120,120,7.0,542.6999999997206,17.112279016741788,48.29906157388802
121,121,7.0,546.6000000000931,17.08591155995718,48.21860395484401
122,122,7.0,551.8999999999069,17.133153309242307,48.077130984422574
123,123,7.0,557.5,17.133153309242307,48.37428429624443
124,124,7.0,561.3999999999069,17.078221666401262,48.37136491513733
125,125,7.0,564.8999999999069,17.177098623515153,48.31221522215849
126,126,7.0,570.5,17.06393890282076,48.35019595590411
127,127,7.0,574.2999999998137,17.026585117467928,48.384499921341856
128,128,7.0,578.0,17.111180652105883,48.351655828503375
129,129,7.0,581.5,17.10239105280949,48.326095777700914
130,130,7.0,585.5,17.077123301765358,48.215675658378004
131,131,7.0,589.1999999997206,17.049657480344823,48.3107537739819
132,132,7.0,595.0,17.113377381377717,48.359686607959084
133,133,7.0,598.6999999997206,17.115575451754093,48.29248325542823
134,134,7.0,603.8999999999069,17.133153309242307,48.31148428031652
135,135,7.0,609.3999999999069,17.081516760308972,48.291752477120994
136,136,7.0,613.1000000000931,17.018895223912008,48.31952138930738
137,137,7.0,616.6999999997206,17.028783187844304,48.32755678643525
138,138,7.0,622.1000000000931,16.99033103785557,48.35895634637618
139,139,7.0,626.1000000000931,16.941990923934515,48.298330443644666
140,140,7.0,629.6000000000931,16.979344709287346,48.2895591871226
141,141,6.0,633.1000000000931,18.397679469416396,46.76824767712173
142,142,6.0,638.5,18.571263997235945,46.78479997809721
143,143,6.0,642.1000000000931,18.645971567941608,46.798339653129666
144,144,6.0,646.1999999997206,18.549291340099522,46.76222689599084
145,145,6.0,649.6999999997206,18.674534412893475,46.86448316363315
146,146,6.0,655.1999999997206,17.613256682529755,47.13422130225793
147,147,6.0,661.0,16.896945914115104,47.30435076416234
148,148,6.0,664.3999999999069,17.10568615691111,48.020583403441385
149,149,6.0,668.1000000000931,16.5409899413887,48.16734105475047
150,150,6.0,672.0,16.444309713546613,48.07640047516945
151,151,6.0,675.7999999998137,15.607152013090763,47.970590010602045
152,152,6.0,679.6000000000931,15.829075313726799,48.051436898369516
153,153,6.0,683.1999999997206,16.872776527706847,47.84687064578304
154,154,6.0,687.1000000000931,16.470678511435818,47.776040029548064
155,155,6.0,692.6000000000931,16.382787882890124,47.851294126797676
156,156,6.0,696.1999999997206,16.08615567044386,47.91024022180703
157,157,6.0,699.7999999998137,15.980687184409927,47.9337995217729
158,158,6.0,703.6000000000931,16.121312726524856,47.85571723053117
159,159,6.0,708.8999999999069,16.19601895612597,47.854243204508634
160,160,6.0,712.3999999999069,16.534397071364136,47.8999293169165
161,161,6.0,717.3999999999069,16.571752197821514,47.81884500347565
162,162,6.0,721.1000000000931,16.48386156927582,47.82769636760645
163,163,6.0,726.7999999998137,16.332249698592694,47.82769636760645
164,164,6.0,732.3999999999069,16.261936927535242,47.7745637399144
165,165,6.0,736.0,16.033422097979166,47.7435447605151
166,166,6.0,739.8999999999069,16.11911465614848,47.72581093919923
167,167,6.0,743.6000000000931,16.18503262755775,47.73763385715545
168,168,6.0,747.1999999997206,16.114719856500297,47.730244735221504
169,169,6.0,750.6999999997206,16.12790425544487,47.625206396727904
170,170,6.0,754.5,16.29709398361624,47.613357070532956
171,171,6.0,758.6000000000931,16.34982889718548,47.62668692175412
172,172,6.0,763.6000000000931,16.34982889718548,47.64001337443028
173,173,6.0,767.1000000000931,16.250950598967016,47.598542540534226
174,174,6.0,771.0,16.29050111359168,47.59706121850835
175,175,6.0,774.5,16.338842568617277,47.598542540534226
176,176,6.0,779.7999999998137,16.420140327138384,47.684409136379934
177,177,6.0,784.8999999999069,16.46408564141123,47.68145041291886
178,178,6.0,788.6000000000931,16.492651168572237,47.70067776201512
179,179,6.0,792.1999999997206,16.48386156927582,47.70067776201512
180,180,6.0,797.3999999999069,16.470678511435818,47.7775171785051
181,181,6.0,802.6999999997206,16.428929926434776,47.7745637399144
182,182,6.0,806.5,16.3718015543219,47.7789933842855
183,183,6.0,811.1000000000931,16.160863241149517,47.75536365230942
184,184,6.0,816.3999999999069,15.943333399057096,47.78342265128162
185,185,6.0,820.0,15.932347070488898,47.73763385715545
186,186,6.0,823.7999999998137,16.026829227954604,47.69919933398391
187,187,6.0,827.5,16.204808555422364,47.616319653849644
188,188,6.0,832.6999999997206,16.04440842654739,47.616319653849644
189,189,6.0,836.5,16.048801885091027,47.61483883519894
190,190,6.0,841.7999999998137,15.974095655489936,47.573348933693964
191,191,6.0,845.3999999999069,15.958714527273528,47.56445337881917
192,192,6.0,849.1000000000931,15.910374413352475,47.53034201872942
193,193,6.0,852.7999999998137,15.930150341217091,47.519955657708884
194,194,6.0,858.6999999997206,15.912572483728852,47.586688076416365
195,195,6.0,862.6000000000931,15.969700855841728,47.58520641879971
196,196,6.0,867.7999999998137,15.97849045513812,47.62224431694551
197,197,6.0,871.3999999999069,16.007054641194557,47.68588798376967
198,198,6.0,875.2999999998137,15.934545140865275,47.69180475950935
199,199,6.0,879.0,15.943333399057096,47.7139853370708
200,200,6.0,884.2999999998137,15.894993285136067,47.730244735221504
201,201,6.0,888.0,15.820287055534976,47.70807107818884
202,202,6.0,891.7999999998137,15.802709198046736,47.70067776201512
203,203,6.0,895.6999999997206,15.802709198046736,47.67109401082344
204,204,6.0,901.0,15.804905927318568,47.716941312534736
205,205,6.0,904.6999999997206,15.793919598750344,47.70215614812185
206,206,6.0,909.6999999997206,15.796116328022176,47.7287671458458
207,207,6.0,913.5,15.767552141965739,47.69919933398391
208,208,6.0,919.0,15.747777555205692,47.69328339721725
209,209,6.0,924.1000000000931,15.938938599408912,47.74206664666606
210,210,6.0,928.1000000000931,16.11911465614848,47.79670908898146
211,211,6.0,931.6000000000931,16.3718015543219,47.83654712270283
212,212,6.0,936.8999999999069,16.088353740820235,47.87782798968318
213,213,6.0,940.6000000000931,16.00046311227454,47.842445887370175
214,214,6.0,944.5,15.815892255886768,47.88961635805227
215,215,6.0,948.2999999998137,15.662083655931808,47.87045878465969
216,216,6.0,951.7999999998137,15.809300726966752,47.91907599195722
217,217,6.0,955.3999999999069,15.728001627341076,47.88961635805227
218,218,6.0,959.7999999998137,15.85104797086322,47.922021212967344
219,219,6.0,963.5,15.853246041239599,47.94557514833685
220,220,6.0,968.6000000000931,15.888401756216052,47.929383082627346
221,221,6.0,973.7999999998137,16.081760870795648,47.948518860458165
222,222,6.0,979.1999999997206,16.259740198263408,47.91907599195722
223,223,6.0,983.5,16.448705854299394,47.92643828077019
224,224,6.0,988.0,16.14548211293311,47.8999293169165
225,225,6.0,991.8999999999069,15.873020627999644,47.91907599195722
226,226,6.0,995.5,15.822483784806783,47.98677006670689
227,227,6.0,999.5,15.675266713771839,47.955876958196164
228,228,6.0,1003.1999999997206,15.804905927318568,47.96029113432859
229,229,6.0,1006.6000000000931,15.877415427647852,48.0176437981657
230,230,6.0,1012.0,15.771946941613923,48.047030515457664
231,231,6.0,1015.6999999997206,15.72141009842106,48.19371277532277
232,232,6.0,1019.2999999998137,15.848851241591415,48.2273902819813
233,233,6.0,1022.7999999998137,15.853246041239599,48.215678995201294
234,234,6.0,1028.6000000000931,15.80051112767036,48.2273902819813
235,235,5.0,1033.7999999998137,16.21579356327373,46.5722388878182
236,236,5.0,1037.2999999998137,16.453099333230742,46.84344519255856
237,237,5.0,1040.8999999999069,16.50583424679998,46.52992801725698
238,238,5.0,1044.5,16.49704464750359,46.72910243884187
239,239,5.0,1048.1999999997206,16.52341076318365,46.813378445068516
240,240,5.0,1051.8999999999069,16.470678531823527,46.927542251427816
241,241,5.0,1055.5,16.43991627539071,47.05044817098206
242,242,5.0,1059.1999999997206,16.5673560774565,46.993526684143546
243,243,5.0,1064.6000000000931,16.479465448910805,46.72608902612571
244,244,5.0,1068.2999999998137,16.43991627539071,46.57828086873019
245,245,5.0,1071.8999999999069,16.378391762525084,46.232833754318854
246,246,5.0,1075.6999999997206,16.373998303981445,46.05624094556469
247,247,5.0,1079.5,16.34323604754863,46.17504776729491
248,248,5.0,1084.0,16.308080332572175,46.1993862153327
249,249,5.0,1087.5,16.36960216322869,45.99216308900364
250,250,5.0,1092.3999999999069,16.44430973393435,46.040990872346946
251,251,5.0,1097.6999999997206,16.59811833388931,45.897433994512326
252,252,5.0,1103.0,16.782689190277086,46.071486808441435
253,253,5.0,1106.7999999998137,16.89694593450284,45.946347184682445
254,254,5.0,1110.5,17.03757147661777,46.01352938512927
255,255,5.0,1114.6000000000931,17.143041303756245,46.123291621814815
256,256,5.0,1118.5,17.24850844868558,46.15374208849414
257,257,5.0,1122.5,17.490207677186234,46.4542921662777
258,258,5.0,1126.5,17.47262847859345,46.375520031097665
259,259,5.0,1130.6000000000931,17.525366074371803,46.569218566899764
260,260,5.0,1134.5,17.547338731508223,46.599421579277355
261,261,5.0,1138.5,17.639622818597555,46.74717202833982
262,262,5.0,1142.5,17.683568132870402,46.813378445068516
263,263,5.0,1146.6000000000931,17.696753872919547,46.96954225967023
264,264,5.0,1152.0,17.65720201719034,47.01150748441027
265,265,5.0,1155.8999999999069,17.696753872919547,47.17008299601941
266,266,5.0,1159.6000000000931,17.74509264573603,47.29242892658221
267,267,5.0,1165.1000000000931,17.701147331463186,47.32520486420808
268,268,5.0,1170.6000000000931,17.617650161461132,47.42935904454961
269,269,5.0,1174.5,17.43308198728247,47.50066088581024
270,270,5.0,1178.5,17.35397827582406,47.485814462061555
271,271,5.0,1182.6000000000931,17.35397827582406,47.456109022316156
272,272,5.0,1187.8999999999069,16.949680848072077,47.43530486112659
273,273,5.0,1191.5,16.483861589663558,47.36093840948812
274,274,5.0,1195.1999999997206,16.14987559186446,46.972540214828044
275,275,5.0,1198.8999999999069,16.466282391070774,46.97553983203868
276,276,5.0,1204.1999999997206,16.2289793033229,46.7049996200665
277,277,5.0,1207.7999999998137,16.01364619050231,46.71705145575396
278,278,5.0,1212.3999999999069,15.723608189185175,46.63564150980235
279,279,5.0,1215.8999999999069,15.600559163453914,46.3846146460911
280,280,5.0,1221.1999999997206,15.93893861979665,46.345192472466884
281,281,5.0,1226.3999999999069,16.334446448252237,46.42703861835194
282,282,5.0,1230.0,16.892552475959203,46.5389987269825
283,283,5.0,1234.6000000000931,17.3979235900969,46.52388249639453
284,284,5.0,1240.0,17.222142333005518,46.472455472052175
285,285,5.0,1243.6000000000931,16.81784490525354,46.499686299278
286,286,5.0,1247.6000000000931,16.325656848955845,46.402801181132965
287,287,5.0,1251.1000000000931,16.268528476842967,46.44520916501122
288,288,5.0,1256.5,16.45749279177438,46.351259701176545
289,289,5.0,1260.2999999998137,16.391574820365115,46.420979806700714
290,290,5.0,1264.1000000000931,16.334446448252237,46.508762058561594
291,291,5.0,1267.7999999998137,16.50583424679998,46.73512692093056
292,292,5.0,1273.1000000000931,16.14987559186446,46.81939350714319
293,293,5.0,1276.6999999997206,16.123509476184424,46.82841392112657
294,294,5.0,1281.8999999999069,16.07517070336794,46.97553983203868
295,295,5.0,1285.5,16.268528476842967,46.98453401458739
296,296,5.0,1291.0,16.373998303981445,47.223830578535946
297,297,5.0,1296.5,16.44430973393435,47.14617608404365
298,298,5.0,1300.2999999998137,16.338842589005015,47.38474673073711
299,299,5.0,1304.0,16.21579356327373,47.15215382046714
300,300,5.0,1309.3999999999069,15.046849276499728,45.68600781812713
301,301,5.0,1313.5,27.457007100034673,47.19696268126139
302,302,5.0,1317.1999999997206,4.882298621632623,26.44865083526993
303,303,5.0,1321.0,-27.777859482387257,63.518054370600936
304,304,5.0,1325.1000000000931,-27.777859482387257,63.518054370600936
305,305,5.0,1328.3999999999069,-27.777859482387257,63.518054370600936
306,306,5.0,1331.7999999998137,-27.777859482387257,63.518054370600936
307,307,5.0,1335.0,-27.777859482387257,63.518054370600936
308,308,5.0,1339.6999999997206,-27.777859482387257,63.518054370600936
309,309,5.0,1347.0,-27.777859482387257,63.518054370600936
310,310,5.0,1351.2999999998137,-27.777859482387257,63.518054370600936
311,311,5.0,1356.6999999997206,-27.777859482387257,63.518054370600936
312,312,5.0,1364.0,-27.777859482387257,63.518054370600936
313,313,5.0,1369.6000000000931,-27.777859482387257,63.518054370600936
314,314,5.0,1375.6000000000931,-27.777859482387257,63.518054370600936
315,315,5.0,1379.6999999997206,5.857885134931598,44.42884750742402
316,316,5.0,1383.1999999997206,29.72897770217343,36.74039015825648
317,317,5.0,1387.0,15.183078677861905,49.47505747226133
318,318,5.0,1390.6999999997206,18.03513064705314,49.27763435744073
319,319,5.0,1394.6000000000931,13.675754934745143,55.79739815353849
320,320,5.0,1399.6000000000931,15.83347147486729,53.812141982134676
321,321,5.0,1403.6999999997206,13.684544534041533,48.917960676206064
322,322,5.0,1408.7999999998137,17.125462105163436,48.90062970531485
323,323,5.0,1412.3999999999069,18.4745837897816,49.16569516963628
324,324,5.0,1417.7999999998137,18.004371072829468,48.92662302631959
325,325,4.0,1423.1999999997206,20.931122606874393,47.161115751507594
326,326,4.0,1426.8999999999069,20.561986258517095,47.04146074880417
327,327,4.0,1430.5,20.561986258517095,47.08935429012757
328,328,4.0,1435.8999999999069,20.764138995706773,45.8423541811508
329,329,4.0,1439.7999999998137,20.64987688706279,45.95856665329018
330,330,4.0,1443.3999999999069,20.08737471860307,45.201940081431744
331,331,4.0,1446.8999999999069,20.3071012899673,44.62934690934988
332,332,4.0,1450.6000000000931,20.069800884428542,45.14617928187424
333,333,4.0,1455.1000000000931,19.718238370245775,44.70435388571273
334,334,4.0,1458.8999999999069,19.120577804600487,44.66061288324367
335,335,4.0,1462.5,19.023900258967544,44.46648990938961
336,336,4.0,1466.6999999997206,18.487769570606144,44.334622329747845
337,337,4.0,1472.0,17.934054319233702,43.949886275658216
338,338,4.0,1477.3999999999069,17.75827306214232,43.78514097443961
339,339,4.0,1481.6999999997206,17.863742889280793,43.486173273049474
340,340,4.0,1485.3999999999069,17.66159551650935,43.46704056022997
341,341,4.0,1489.2999999998137,17.380344432279518,43.32654240932873
342,342,4.0,1493.1000000000931,17.257300770966488,43.422371408299036
343,343,4.0,1496.8999999999069,17.30124608523933,43.33293806150062
344,344,4.0,1500.3999999999069,17.547338772283624,43.33293806150062
345,345,4.0,1504.1999999997206,18.927222713334576,43.49892634645118
346,346,4.0,1509.6999999997206,19.29635906169187,43.60084620822687
347,347,4.0,1513.1999999997206,19.612763178689068,43.65810281314871
348,348,4.0,1516.8999999999069,19.788544435780427,44.069991762958296
349,349,4.0,1520.6999999997206,19.96432569287181,44.227652695032496
350,350,4.0,1524.6999999997206,19.814915915878743,44.196154199900135
351,351,4.0,1528.2999999998137,20.456521795796878,44.30946917091566
352,352,4.0,1532.0,20.535614778418804,44.44139719586783
353,353,4.0,1535.6999999997206,20.21042374433433,44.55423905422451
354,354,4.0,1539.3999999999069,18.936009630421854,44.66061288324367
355,355,4.0,1545.0,17.415502829465083,44.7106026275237
356,356,4.0,1550.1000000000931,17.81979757500795,44.92880384546487
357,357,4.0,1554.0,17.775852260735103,45.13377931711514
358,358,4.0,1557.6000000000931,17.617650202236504,45.239087393270154
359,359,4.0,1562.8999999999069,17.345191399512178,45.40594054200713
360,360,4.0,1566.5,16.940891289551057,45.06553698970966
361,361,4.0,1570.1000000000931,16.545383461095447,45.40594054200713
362,362,4.0,1573.8999999999069,16.598121056873826,45.46761302447897
363,363,4.0,1579.5,17.18698397659535,45.93411990516446
364,364,4.0,1583.2999999998137,17.4506558622324,45.97689277528602
365,365,4.0,1586.8999999999069,18.109835576325086,46.402798644474686
366,366,4.0,1590.6000000000931,19.120577804600487,46.897521910262135
367,367,4.0,1595.7999999998137,19.252413747419027,46.59035843988155
368,368,4.0,1601.1000000000931,19.73581220442033,47.262611823343406
369,369,4.0,1605.1999999997206,20.544412424342568,47.45313579294379
370,370,4.0,1608.6999999997206,19.691866890147484,47.352005252835795
371,371,4.0,1613.8999999999069,20.034642487242973,47.30434829865085
372,372,4.0,1619.0,20.08737471860307,46.63865560422676
373,373,4.0,1622.7999999998137,20.280740538705494,46.6205496757947
374,374,4.0,1626.6000000000931,20.28952745579277,46.66881991966058
375,375,4.0,1631.8999999999069,20.474095629971405,46.65675915802195
376,376,4.0,1635.6000000000931,20.175265347148763,46.402798644474686
377,377,4.0,1639.3999999999069,20.166478430061485,46.52387996537168
378,378,4.0,1642.8999999999069,19.990697172970126,46.36035581737881
379,379,4.0,1648.1999999997206,19.832489750053274,46.03793854366046
380,380,4.0,1651.8999999999069,19.79734208170419,46.05623839283931
381,381,4.0,1657.2999999998137,19.814915915878743,46.117196585958204
382,382,4.0,1662.6999999997206,19.770970601605896,46.147650422168866
383,383,4.0,1668.0,19.85007431306431,46.17808741908471
384,384,4.0,1671.7999999998137,19.85007431306431,46.28752044863269
385,385,4.0,1675.6999999997206,19.788544435780427,46.30573745544819
386,386,4.0,1681.1000000000931,19.76218368451862,46.72307476205865
387,387,4.0,1684.6999999997206,19.806128998791465,46.548061702397305
388,388,4.0,1688.2999999998137,19.788544435780427,46.46337296658167
389,389,4.0,1692.1000000000931,19.94675185869728,46.36641951203094
390,390,4.0,1697.8999999999069,20.10495928161411,46.457316346728405
391,391,4.0,1701.3999999999069,20.061013967341264,46.45126274907184
392,392,4.0,1704.8999999999069,20.166478430061485,46.5299254865158
393,393,4.0,1708.5,20.175265347148763,46.37248623493859
394,394,4.0,1714.1000000000931,20.175265347148763,46.33608690098502
395,395,4.0,1717.6999999997206,20.1928499101598,46.323952106604274
396,396,4.0,1722.8999999999069,20.017068653068417,46.220671668448354
397,397,4.0,1726.6000000000931,20.096161635690347,46.220671668448354
398,398,4.0,1732.1000000000931,20.10495928161411,46.26322291512529
399,399,4.0,1737.6000000000931,20.07858780151582,46.33001984032343
400,400,4.0,1741.1000000000931,19.91159346151171,46.44520847849608
401,401,4.0,1744.7999999998137,19.727025287333053,46.50573567269359
402,402,4.0,1750.3999999999069,19.66550613888568,46.52387996537168
403,403,4.0,1753.8999999999069,19.54245711315439,46.49968376712809
404,404,4.0,1757.3999999999069,19.278785227517343,46.43914983824168
405,405,4.0,1761.0,19.29635906169187,46.46942521801071
406,406,4.0,1766.5,19.269998310430065,46.5299254865158
407,407,4.0,1770.3999999999069,19.234839913244496,46.56619554873738
408,408,4.0,1774.5,19.111790887513237,46.46337296658167
409,409,4.0,1778.5,19.120577804600487,46.10500959244033
410,410,4.0,1783.6999999997206,19.120577804600487,45.53537340263376
411,411,4.0,1789.0,19.164523118873333,45.57845288996012
412,412,4.0,1792.7999999998137,19.20846843314618,45.44295061438152
413,413,4.0,1796.6000000000931,19.2612006645063,44.67311150251923
414,414,4.0,1800.3999999999069,19.217255350233458,44.53544788024888
415,415,4.0,1804.2999999998137,67.16159033583199,23.35608759326708
416,416,4.0,1807.8999999999069,67.09128427029736,22.976309721375927
417,417,4.0,1811.6999999997206,67.00339364175167,22.611690412997095
418,418,4.0,1815.6000000000931,66.9682352445661,22.45744640746566
419,419,4.0,1819.1999999997206,66.83639930174756,22.27050356921034
420,420,4.0,1824.6000000000931,66.70456335892904,22.20542190570745
421,421,4.0,1828.6000000000931,65.87838930483224,22.09145266263052
422,422,4.0,1832.1000000000931,65.45651536069661,21.887710912177706
423,423,4.0,1835.8999999999069,65.72018724633364,21.740837237387783
424,424,4.0,1841.1000000000931,65.12253204510664,21.528421810765245
425,425,4.0,1846.5,65.43014924501655,21.544773687212885
426,426,4.0,1850.3999999999069,65.36862473215092,21.356623657803326
427,427,4.0,1854.5,65.04342833364822,21.201019145353676
428,428,4.0,1859.7999999998137,65.70260804774085,21.27474548211986
429,429,4.0,1865.2999999998137,65.2455810708379,21.31569027699034
430,430,4.0,1868.8999999999069,65.07858673083379,21.299317726140398
431,431,4.0,1872.3999999999069,65.17526427646676,21.233789290924737
432,432,4.0,1877.6000000000931,65.58835130351515,21.299317726140398
433,433,4.0,1881.3999999999069,65.658662733468,21.233789290924737
434,434,4.0,1885.1000000000931,65.86960238774496,21.27474548211986
435,435,4.0,1888.6000000000931,65.94870609920342,21.340255673587702
436,436,4.0,1894.0,66.0014383305635,21.372994809324595
437,437,4.0,1898.1999999997206,66.13327427338204,21.46300089709441
438,438,4.0,1901.7999999998137,66.4145253576119,21.601983257992178
439,439,4.0,1905.2999999998137,66.43210455620468,21.757165078458158
440,440,4.0,1909.0,66.49362370465208,21.73267511245163
441,441,4.0,1912.6000000000931,66.55514821751771,21.944789071911668
442,442,4.0,1916.5,66.60788581329606,21.977396305649336
443,443,4.0,1920.2999999998137,66.55514821751771,21.985544457393733
444,444,4.0,1923.8999999999069,66.72214255752182,22.156592083726544
445,445,4.0,1929.2999999998137,66.76608787179467,22.33555497215866
446,446,4.0,1934.6999999997206,67.77682473565183,23.95182920348173
447,447,4.0,1939.2999999998137,72.10105009740164,22.83058004880679
448,448,4.0,1943.0,75.03659923659492,22.619801656308788
449,449,4.0,1948.7999999998137,74.89596564785265,21.806132475660302
450,450,4.0,1952.5,75.0453861536822,20.19798680114369
451,451,4.0,1956.1999999997206,73.92916873385009,20.757871541810555
452,452,4.0,1959.7999999998137,73.62155153394018,19.87595935836551
453,453,4.0,1965.5,73.76218512268245,19.404133925048956
454,454,4.0,1970.8999999999069,73.24362826849557,19.072204266338222
455,455,4.0,1974.6000000000931,73.21725678839728,18.48973033585722
456,456,4.0,1978.5,73.08542084557875,18.281219627832975
457,457,4.0,1983.8999999999069,72.99753021703306,17.880173566362203
458,458,4.0,1989.5,72.59323547149022,17.938716827328584
459,459,4.0,1993.0,72.13620849458721,17.729548892553346
460,460,4.0,1996.6000000000931,71.56491940904021,17.553660885213592
461,461,4.0,2000.6000000000931,71.38034050602509,17.587173910964374
462,462,4.0,2004.1999999997206,70.77390375212903,17.402762873027648
463,463,4.0,2008.0,71.23971764611927,17.29369855188827
464,464,4.0,2011.6999999997206,70.72995843785618,17.243343278560253
465,465,4.0,2015.5,72.0307333030305,17.209762044781826
466,466,4.0,2021.0,72.34713742002765,17.25173507152509
467,467,4.0,2024.6000000000931,73.4633548398598,17.35243237182319
468,468,4.0,2028.1999999997206,73.9467532968611,17.45307440305807
469,469,4.0,2033.5,74.94870860804923,17.075386496004977
470,470,4.0,2038.8999999999069,75.28268655922099,17.11738993376995
471,471,4.0,2044.2999999998137,75.08054455086777,16.57903498118544
472,472,4.0,2048.0,75.22995432786087,15.785606729504403
473,473,4.0,2051.7999999998137,75.6166752392292,15.87016500766484
474,474,4.0,2057.1999999997206,75.70456586777489,15.226641789834797
475,475,4.0,2060.6999999997206,75.68698130476388,15.878616823912578
476,476,4.0,2064.2999999998137,75.74851118204774,15.396183591725423
477,477,4.0,2068.100000000093,75.69577895068761,15.91243085867495
478,478,4.0,2071.899999999907,75.54635844485806,16.36832830444809
479,479,4.0,2075.5,75.17722209650074,15.463965874580794
480,480,4.0,2079.1999999997206,75.03659923659492,15.641775715386888
481,481,4.0,2083.0,74.57956153085546,15.734851712751475
482,482,4.0,2086.6999999997206,74.3686218765785,16.081405182694496
483,483,4.0,2090.6999999997206,74.33347420822945,16.503210074851975
484,484,4.0,2096.0,74.15769295113806,16.54534041648599
485,485,4.0,2100.2999999998137,74.04343084249408,17.058581445073052
486,486,4.0,2104.100000000093,73.85007575122813,17.11738993376995
487,487,4.0,2109.2999999998137,73.82370427112984,17.436303728220953
488,488,4.0,2114.600000000093,73.85886266831541,17.45307440305807
489,489,4.0,2118.399999999907,73.96432713103566,17.469843534706353
490,490,4.0,2122.5,74.25437049677103,17.61231099529072
491,491,4.0,2127.7999999998137,74.31588964521838,17.69606234239631
492,492,4.0,2131.5,74.47409706813525,17.712803843769525
493,493,4.0,2135.2999999998137,74.64987832522664,18.013959009688115
494,494,4.0,2139.0,74.67623907648841,17.855079143613143
495,495,4.0,2144.2999999998137,74.7905011851324,17.821616108235194
496,496,4.0,2147.899999999907,74.92233712795094,17.838345858819093
497,497,4.0,2151.6999999997206,75.00144083940936,17.679314169021513
498,498,4.0,2155.5,74.89596564785265,17.276918404513346
499,499,4.0,2161.1999999997206,74.89596564785265,17.142586421565994
500,500,4.0,2166.399999999907,74.88717873076537,17.226553424497787
501,501,4.0,2170.2999999998137,74.74655587085955,17.25173507152509
502,502,4.0,2174.1999999997206,74.58834844794274,17.17617983877665
503,503,4.0,2179.899999999907,74.47409706813525,17.23495110408919
504,504,4.0,2183.600000000093,74.3774195225023,16.915685272198857
505,505,4.0,2187.5,74.5180423824081,16.789511217679134
506,506,4.0,2191.1999999997206,74.3686218765785,16.89045822575526
507,507,4.0,2196.5,73.91159489967553,16.89045822575526
508,508,4.0,2200.1999999997206,73.7006552453986,17.058581445073052
509,509,4.0,2203.899999999907,73.19089603713545,17.318876146352434
510,510,4.0,2207.600000000093,73.05906009431696,17.5452778231831
511,511,4.0,2212.899999999907,72.82174895994167,17.921991425184554
512,512,4.0,2217.5,72.26804443740573,18.055745217927157
513,513,4.0,2221.100000000093,71.96042723749582,18.239487289907093
514,514,4.0,2227.399999999907,71.35397975476326,18.34796946044993
515,515,4.0,2231.100000000093,71.09030786912624,18.58139286994875
516,516,4.0,2234.6999999997206,71.1254662663118,18.83945248517743
517,517,4.0,2238.5,71.09909478621346,19.03897247028252
518,518,4.0,2242.399999999907,71.19577233184643,19.337797708776378
519,519,4.0,2246.399999999907,71.03757563776611,19.61952430885302
520,520,4.0,2251.6999999997206,70.81784906640188,19.65263810473803
521,521,4.0,2255.600000000093,70.89694204902378,19.859431520794775
522,522,4.0,2259.2999999998137,70.89694204902378,19.851161910438506
523,523,4.0,2262.6999999997206,71.08152095203896,20.222729570205253
524,524,4.0,2268.1999999997206,71.18698541475915,20.346389333129824
525,525,4.0,2272.1999999997206,71.42428582029794,20.30518037570564
526,526,4.0,2275.7999999998137,71.56491940904021,20.50288501365667
527,527,4.0,2279.5,71.9692141545831,20.37935059998998
528,528,4.0,2284.899999999907,71.93405575739753,20.04118306441736
529,529,4.0,2290.399999999907,78.62253044395716,13.03636273413868
530,530,4.0,2294.100000000093,79.12351346396949,12.633598051222293
531,531,4.0,2297.7999999998137,84.34420821651425,9.936077518638474
532,532,4.0,2303.1999999997206,87.44675169571164,11.69711300371403
533,533,4.0,2309.0,89.94284769217653,12.316079673157683
534,534,4.0,2312.6999999997206,89.65280432644116,11.765955697406794
535,535,4.0,2316.2999999998137,88.6420620981657,11.52492890719272
536,536,4.0,2320.1999999997206,89.55612678080819,12.109914141024243
537,537,4.0,2324.0,90.14498970052969,11.980980942163933
538,538,4.0,2328.100000000093,90.52292369481074,12.14428794205694
539,539,4.0,2332.0,90.92721844035363,12.333253737444842
540,540,4.0,2335.899999999907,89.53855294663363,12.204428788422975
541,541,4.0,2339.7999999998137,90.3735139178177,12.015371276129798
542,542,4.0,2343.6999999997206,89.9692084434383,12.041158521278652
543,543,4.0,2347.600000000093,90.44381998335233,12.14428794205694
544,544,4.0,2353.5,90.41745923209055,12.135697529583782
545,545,4.0,2359.600000000093,89.94284769217653,12.127101595439946
546,546,4.0,2363.600000000093,90.66354655471656,11.82618089686273
547,547,4.0,2369.0,90.4789783805379,11.903594564436473
548,548,4.0,2372.6999999997206,90.53171061189802,11.929392479153115
549,549,4.0,2376.600000000093,90.52292369481074,11.929392479153115
550,550,4.0,2380.399999999907,90.19773266072632,11.774563107160528
551,551,4.0,2385.899999999907,90.43503306626505,11.69711300371403
552,552,4.0,2389.5,90.43503306626505,11.679898336720148
553,553,4.0,2393.5,90.55808209199631,11.679898336720148
554,554,4.0,2397.600000000093,90.68113111772757,11.82618089686273
555,555,4.0,2403.100000000093,90.86569929190624,11.82618089686273
556,556,4.0,2406.7999999998137,90.98874831763749,11.963789379473113
557,557,4.0,2412.5,90.83054089472067,12.015371276129798
558,558,4.0,2416.2999999998137,90.88327312608078,12.023965550344805
559,559,4.0,2421.7999999998137,90.68113111772757,11.920795196222855
560,560,4.0,2427.2999999998137,89.96042152635107,11.740142357224236
561,561,4.0,2431.0,88.35202946126685,11.628253180308434
562,562,4.0,2434.7999999998137,86.8139434617173,11.705722562190815
563,563,4.0,2438.600000000093,87.47312317580993,11.240596095999805
564,564,4.0,2442.5,88.07077301261876,10.489659723392784
565,565,4.0,2446.399999999907,89.40671700381509,9.788870518935765
566,566,4.0,2450.2999999998137,90.13620278344241,9.953387302301405
567,567,4.0,2454.399999999907,90.68113111772757,9.832173203280119
568,568,4.0,2458.399999999907,90.53171061189802,10.048601078734364
569,569,4.0,2462.2999999998137,89.62644357517932,9.754222189623938
570,570,4.0,2466.399999999907,89.14304511817802,9.511599581032042
571,571,4.0,2470.399999999907,90.10984203218062,9.641598237583382
572,572,4.0,2476.0,89.48580998643705,9.208078247216687
573,573,4.0,2480.600000000093,89.46823615226249,9.26012711592482
574,574,4.0,2484.5,88.99362461234847,9.051880514574373
575,575,4.0,2488.2999999998137,88.5365976354455,9.025841813266322
576,576,4.0,2493.6999999997206,88.18503512126274,9.216751827109137
577,577,4.0,2499.5,90.63718580345477,8.852195616178387
578,578,4.0,2503.399999999907,89.75827951799786,8.869559711384138
579,579,4.0,2508.7999999998137,88.92331854681379,8.765341670120737
580,580,4.0,2512.5,88.82663027234436,8.83482540059541
581,581,4.0,2516.399999999907,88.7914826039953,8.912976952692324
582,582,4.0,2520.2999999998137,88.97605077817391,8.600261270865605
583,583,4.0,2525.899999999907,88.5629583867073,8.643709954904427
584,584,4.0,2529.600000000093,88.83542791826815,8.556807603167334
585,585,4.0,2535.100000000093,88.90573398380278,8.982438036662163
586,586,4.0,2538.7999999998137,88.42233552680148,9.121309586632615
587,587,4.0,2544.5,89.90768929499096,8.912976952692324
588,588,4.0,2549.899999999907,90.00436684062387,8.826137335302843
589,589,4.0,2554.0,89.3803455237168,8.912976952692324
590,590,4.0,2557.899999999907,89.88131781489261,8.800082515339836
591,591,4.0,2563.899999999907,88.83542791826815,8.886928285446308
592,592,4.0,2567.6999999997206,89.07272832380688,8.747967377625073
593,593,4.0,2571.6999999997206,88.52781071835823,8.782709848784082
594,594,4.0,2575.600000000093,87.69284974717417,8.63502273940592
595,595,4.0,2581.0,87.3149157528931,7.47763018652037
596,596,4.0,2584.7999999998137,88.17624820417547,5.591615772797838
597,597,4.0,2588.7999999998137,89.696749640714,4.777585095349074
598,598,4.0,2592.7999999998137,90.9360053574409,6.570440702098523
599,599,4.0,2598.1999999997206,90.92721844035363,6.31716620397236
600,600,4.0,2603.899999999907,91.19089032599071,6.055029877039116
601,601,4.0,2607.7999999998137,90.68113111772757,5.512883192181748
602,602,4.0,2611.6999999997206,90.81296706054611,5.031531246300427
603,603,4.0,2617.100000000093,90.18893501480252,4.9877538034968785
604,604,4.0,2621.0,89.41550392090237,4.92646476040088
605,605,4.0,2624.899999999907,89.30124181225838,4.689994279965109
606,606,4.0,2628.6999999997206,88.07955992970598,4.4359173745089056
607,607,4.0,2634.2999999998137,89.3803455237168,4.6111510078116105
608,608,4.0,2638.0,89.1518320352653,4.681231382884635
609,609,4.0,2642.0,89.70553655780128,4.742547962201483
610,610,4.0,2646.5,91.00632215181204,4.6637159530073955
611,611,4.0,2651.899999999907,91.22604872317628,4.506014839814562
612,612,4.0,2657.1999999997206,90.09225746916957,3.9538153624294776
613,613,4.0,2661.100000000093,89.45066231808794,3.6468749617818053
614,614,4.0,2666.899999999907,90.1186289492679,3.6468749617818053
615,615,4.0,2672.6999999997206,89.696749640714,4.181758384005681
616,616,4.0,2676.2999999998137,89.01120917535948,4.593628492841274
617,617,4.0,2680.399999999907,88.9584662151629,3.8485899395251235
618,618,4.0,2684.100000000093,89.40671700381509,3.7959750066169593
619,619,4.0,2689.399999999907,89.42429083798964,4.102861320366894
620,620,4.0,2693.0,88.94089238098834,4.733791073712867
621,621,4.0,2696.6999999997206,88.82663027234436,6.0462919111496785
622,622,4.0,2700.600000000093,88.82663027234436,7.704146275491872
623,623,4.0,2706.100000000093,89.74948187207413,8.087194958702987
624,624,4.0,2709.7999999998137,90.08347055208233,7.83477194047383
625,625,4.0,2713.399999999907,89.45066231808794,7.773817291233295
626,626,4.0,2717.100000000093,89.26608341507281,8.617642404658703
627,627,4.0,2722.6999999997206,88.67722049535126,9.208078247216687
628,628,4.0,2728.100000000093,88.26413883272116,9.364206980869406
629,629,4.0,2732.100000000093,87.50827084415904,9.060557897196205
630,630,4.0,2736.0,86.80514581579351,9.407563970276215
631,631,4.0,2739.6999999997206,86.29538660753042,9.364206980869406
632,632,4.0,2745.2999999998137,85.61862233042672,9.182050935477022
633,633,4.0,2749.2999999998137,85.10007620507636,9.372881988095386
634,634,4.0,2753.100000000093,84.77487444215538,9.346861609993528
635,635,4.0,2756.7999999998137,84.31784746525241,9.537602230202888
636,636,4.0,2760.6999999997206,83.51804489125396,9.762887253514336
637,637,4.0,2764.600000000093,83.43894117979555,9.797529393871649
638,638,4.0,2768.5,83.23678844260581,9.61560355039998
639,639,4.0,2773.0,82.81491986288843,9.970701451692479
640,640,4.0,2778.5,157.24580253146908,-40.100313687701274
641,641,4.0,2782.399999999907,157.21944178020726,-40.19437097321969
642,642,4.0,2786.399999999907,156.9293984144719,-39.95225222249107
643,643,4.0,2790.2999999998137,156.5954097344637,-39.756583575991485
644,644,4.0,2795.6999999997206,156.76240407446778,-39.64162218415701
645,645,4.0,2801.2999999998137,157.14912498583612,-39.01616459508066
646,646,4.0,2805.1999999997206,156.7008849260204,-39.445073756665074
647,647,4.0,2808.6999999997206,159.35517761656564,-39.73631115822125
648,648,4.0,2814.2999999998137,174.63936006642825,-45.50516525041582
649,649,4.0,2818.1999999997206,174.63936006642825,-45.74488523936719
650,650,4.0,2822.5,181.19599881016933,-47.38828163769095
651,651,4.0,2826.2999999998137,187.55049554555728,-46.795897628692664
652,652,4.0,2831.899999999907,189.19404600782707,-46.856033853380005
653,653,4.0,2835.899999999907,189.9411163504654,-46.9521104307936
654,654,4.0,2839.7999999998137,189.879597202018,-46.75978139564157
655,655,4.0,2844.100000000093,188.63154383936734,-46.69351090123008
656,656,4.0,2849.7999999998137,187.8493258283799,-47.45963914099546
657,657,4.0,2855.899999999907,186.56611406854364,-47.2631759518374
658,658,4.0,2859.7999999998137,183.4459967551717,-46.85002105693514
659,659,4.0,2863.6999999997206,181.99580138416778,-46.530497376169436
660,660,4.0,2869.399999999907,183.05928657263982,-45.28916043962731
661,661,4.0,2873.1999999997206,183.75361395508156,-44.82974444047246
662,662,4.0,2877.1999999997206,181.93428223572045,-47.14375077374745
663,663,4.0,2880.7999999998137,181.6354519528978,-46.976104502599256
664,664,4.0,2886.600000000093,180.90596617327049,-45.95303205300217
665,665,4.0,2890.600000000093,181.39815154735902,-46.00800144799881
666,666,4.0,2894.2999999998137,181.52998749017755,-46.53654585097915
667,667,4.0,2898.2999999998137,180.67744195598246,-46.172578499860016
668,668,4.0,2902.2999999998137,180.12373743344654,-46.239485844375885
669,669,4.0,2906.2999999998137,179.78974875343832,-46.42760720612869
670,670,4.0,2910.2999999998137,179.38545400789545,-46.43366712978875
671,671,4.0,2914.2999999998137,179.92158469625687,-46.269872009359325
672,672,4.0,2919.7999999998137,179.8512786307222,-46.23340807523348
673,673,4.0,2925.2999999998137,178.54170611962414,-46.08120784478003
674,674,4.0,2929.2999999998137,176.47627634880044,-44.96049624156035
675,675,4.0,2933.1999999997206,176.30049509170905,-44.817279644707135
676,676,4.0,2938.6999999997206,176.64327068880453,-43.6396262205557
677,677,4.0,2942.600000000093,176.08076852034483,-43.17350965950963
678,678,4.0,2946.399999999907,175.76436440334768,-44.291194170004864
679,679,4.0,2950.2999999998137,175.39521732615384,-43.88084197028395
680,680,4.0,2954.2999999998137,175.5885831462563,-43.141452589902805
681,681,4.0,2958.2999999998137,175.26338138333531,-42.813507734981584
682,682,4.0,2962.2999999998137,174.1911200066125,-43.301569740391784
683,683,4.0,2966.2999999998137,172.97822504114743,-43.76035372070362
684,684,4.0,2971.899999999907,172.97822504114743,-43.403822446476376
685,685,4.0,2976.7999999998137,173.99775418651012,-43.41020605870381
686,686,4.0,2981.2999999998137,174.0329125836957,-43.42936065039751
687,687,4.0,2984.899999999907,174.06807098088126,-43.141452589902805
688,688,4.0,2990.399999999907,172.51241114715714,-42.890828801408425
689,689,4.0,2996.0,170.5348720048792,-42.63918245908674
690,690,4.0,3000.0,169.64716807349853,-41.97620875644474
691,691,4.0,3003.5,167.22138887140477,-41.94353043711427
692,692,4.0,3008.899999999907,167.73994572559167,-41.48427545084042
693,693,4.0,3012.6999999997206,168.23213109968023,-41.08801885838726
694,694,4.0,3016.5,169.03193367367868,-40.94875839712221
695,695,4.0,3020.2999999998137,168.22334418259297,-40.368698433957526
696,696,4.0,3025.7999999998137,168.66279732532138,-40.475756808816
697,697,4.0,3029.600000000093,168.16182503414555,-40.328510180488834
698,698,4.0,3035.399999999907,168.56611977968845,-40.30170198140564
699,699,4.0,3040.899999999907,168.00361761122872,-40.241350767033104
700,700,4.0,3046.1999999997206,168.1881857854074,-39.91855633479657
701,701,4.0,3050.1999999997206,167.8454101883119,-39.85786028937561
702,702,4.0,3053.899999999907,167.89815314850847,-39.844364524416996
703,703,4.0,3059.600000000093,168.1969727024946,-39.97919452027681
704,704,4.0,3063.399999999907,167.85420783423564,-40.140641657947974
705,705,4.0,3067.2999999998137,167.80146487403906,-40.059965906330646
706,706,4.0,3071.100000000093,167.80146487403906,-40.12048271386117
707,707,4.0,3076.600000000093,167.59932286568585,-40.31510741134719
708,708,4.0,3080.1999999997206,167.56416446850028,-40.58931780372457
709,709,4.0,3084.1999999997206,167.34443789713603,-40.51585721623543
710,710,4.0,3088.0,167.44990235985628,-40.33520852262608
711,711,4.0,3093.399999999907,167.30927949995046,-40.375396872378246
712,712,4.0,3097.0,167.3004925828632,-40.428939990272326
713,713,4.0,3102.7999999998137,167.11592440868455,-40.402171712217516
714,714,4.0,3108.1999999997206,166.7995202916874,-40.321811173506255
715,715,4.0,3112.2999999998137,166.7116296631417,-40.16750958213543
716,716,4.0,3116.100000000093,166.38642790022075,-40.14735861041089
717,717,4.0,3120.0,166.32490875177336,-40.11375900217007
718,718,4.0,3124.0,166.21943356021666,-39.86460511806414
719,719,4.0,3129.5,165.65694212059338,-39.66192243069383
720,720,4.0,3133.600000000093,165.2965819604869,-39.431497178718914
721,721,4.0,3137.399999999907,164.65498680940527,-39.458643546591475
722,722,4.0,3141.2999999998137,163.16084612412857,-39.356780783423574
723,723,4.0,3146.7999999998137,161.71943767021193,-39.220732407888285
724,724,4.0,3150.5,162.77412521276023,-39.043476281415266
725,725,4.0,3154.2999999998137,163.0377970983973,-38.70134320640054
726,726,4.0,3158.2999999998137,163.7409221267628,-38.63271908731018
727,727,4.0,3162.2999999998137,164.01338092948714,-38.838394044253086
728,728,4.0,3166.2999999998137,162.9586933869389,-38.63958278265751
729,729,4.0,3170.2999999998137,163.15205920704128,-38.50903083889281
730,730,4.0,3174.7999999998137,162.3522459042063,-38.316203481711995
731,731,4.0,3178.6999999997206,162.0710001843947,-38.17815420105676
732,732,4.0,3184.6999999997206,161.4821372646732,-38.03291791098134
733,733,4.0,3189.2999999998137,160.95479349339905,-38.288612918872886
734,734,4.0,3192.899999999907,162.93233263567706,-38.371348914684596
735,735,4.0,3196.5,163.16963304121583,-38.87945626850901
736,736,4.0,3202.0,163.08174241267014,-39.11852274644183
737,737,4.0,3206.100000000093,162.20283612721323,-39.526469369215434
738,738,4.0,3210.7999999998137,161.10420327039213,-40.48912763416301
739,739,4.0,3214.6999999997206,160.79658607048222,-40.58931780372457
740,740,4.0,3220.1999999997206,160.6647501276637,-40.63601867180312
741,741,4.0,3225.899999999907,160.6647501276637,-40.09359208578832
742,742,4.0,3230.399999999907,162.08857401856926,-40.662693713871846
743,743,4.0,3234.2999999998137,161.2272522961234,-41.048258466385455
744,744,4.0,3239.7999999998137,161.50849801593498,-41.411806177365584
745,745,4.0,3245.2999999998137,160.3395590935792,-41.806096134535586
746,746,4.0,3249.1999999997206,159.24092623675813,-41.58296342754248
747,747,4.0,3252.7999999998137,158.81904692820422,-41.7864396836693
748,748,4.0,3258.1999999997206,157.8346761800271,-41.8584851929788
749,749,4.0,3262.1999999997206,161.40303355321478,-41.58296342754248
750,750,4.0,3266.2999999998137,161.17452006476327,-41.82574655654481
751,751,4.0,3270.2999999998137,160.47139503639775,-41.95006584573842
752,752,4.0,3275.7999999998137,159.2233416737471,-41.923912208987595
753,753,4.0,3279.6999999997206,158.7575277797568,-41.99580690647967
754,754,4.0,3284.100000000093,157.37763847428764,-42.02845841081067
755,755,4.0,3289.399999999907,157.078808191465,-42.15237885274908
756,756,4.0,3294.7999999998137,156.62178121456196,-41.806096134535586
757,757,4.0,3298.7999999998137,156.88545310019904,-41.62896307485246
758,758,4.0,3302.600000000093,157.01728904301757,-40.18094160703483
759,759,4.0,3308.0,156.82393395175166,-40.66935877383152
760,760,4.0,3311.7999999998137,157.28096092865465,-40.17422797635044
761,761,4.0,3315.5,156.75361715738052,-39.79035905657002
762,762,4.0,3319.5,156.5866228173764,-40.66935877383152
763,763,4.0,3325.0,156.55146442019083,-39.91855633479657
764,764,4.0,3328.899999999907,156.23506030319365,-39.30239398095021
765,765,4.0,3333.0,155.95381458338207,-39.356780783423574
766,766,4.0,3336.600000000093,155.022176066565,-39.431497178718914
767,767,4.0,3342.0,154.82002332937535,-39.11852274644183
768,768,4.0,3347.600000000093,154.16084361528272,-36.345629980676186
769,769,4.0,3351.600000000093,153.07978459263612,-35.848511494701484
770,770,4.0,3356.0,152.48213475582733,-35.61306773389924
771,771,4.0,3359.7999999998137,151.79658356163637,-36.26771716886223
772,772,4.0,3363.399999999907,153.2204181813784,-38.08136208612939
773,773,4.0,3367.100000000093,153.18525978419282,-39.09806382445707
774,774,4.0,3371.0,151.5329116759993,-39.43828372696174
775,775,4.0,3374.7999999998137,152.71943516136608,-47.38828163769095
776,776,4.0,3380.399999999907,152.19209139009197,-49.10298173440346
777,777,4.0,3384.600000000093,152.50849550708912,-53.40590484892569
778,778,4.0,3388.600000000093,151.98994938173877,-55.72863807798657
779,779,4.0,3392.5,152.09541384445902,-54.51244927314609
780,780,4.0,3398.2999999998137,153.58076761264843,-50.71034907069117
781,781,4.0,3402.6999999997206,154.38935710373417,-50.4536335278822
782,782,4.0,3408.0,154.89034012374654,-51.12591219967747
783,783,4.0,3412.0,154.99580458646673,-51.175531883692805
784,784,4.0,3417.6999999997206,154.65302898937125,-51.214087718266974
785,785,4.0,3423.2999999998137,154.96943310636843,-51.04309638187387
786,786,4.0,3427.2999999998137,155.22431807491824,-51.1038444991543
787,787,4.0,3431.0,155.004591503554,-51.07071812917632
788,788,4.0,3434.899999999907,155.47041612638074,-50.8936534224295
789,789,4.0,3438.7999999998137,155.41768389502064,-50.89919892724601
790,790,4.0,3442.899999999907,155.54951983783917,-50.66023398546895
791,791,4.0,3446.899999999907,155.41768389502064,-50.5095606135982
792,792,4.0,3452.5,155.37373858074778,-50.29106919579264
793,793,4.0,3456.5,155.26826338919108,-49.9473081220019
794,794,4.0,3460.399999999907,154.9167008750083,-49.731912913871135
795,795,4.0,3464.100000000093,154.97823075229218,-49.24088861965009
796,796,4.0,3469.6999999997206,154.73213270082965,-49.02235595773414
797,797,4.0,3475.5,154.66181590645851,-48.44265996118875
798,798,4.0,3480.600000000093,154.37178326955967,-48.3609674248375
799,799,4.0,3485.600000000093,153.97627544110404,-47.974085475546445
800,800,4.0,3489.6999999997206,152.17451755591742,-48.24989316788906
801,801,4.0,3493.6999999997206,152.6051837815586,-48.115109471172495
802,802,4.0,3497.6999999997206,151.28682435337328,-47.862167291285814
803,803,4.0,3501.600000000093,151.2692397903622,-47.803166487041004
804,804,5.0,3507.100000000093,149.2191906422388,-46.21364329986488
805,805,5.0,3511.100000000093,148.68745341242104,-46.216685218795256
806,806,5.0,3515.1999999997206,148.44136072537674,-46.22884564303554
807,807,5.0,3518.899999999907,148.10737740978678,-46.27139055221628
808,808,5.0,3522.899999999907,148.11616432687404,-46.22884564303554
809,809,5.0,3526.899999999907,148.20405495541974,-46.16192347447963
810,810,5.0,3531.0,148.19526803833247,-45.56518952169609
811,811,5.0,3535.1999999997206,148.3358908982383,-45.349414720116656
812,812,5.0,3539.0,148.85005429388153,-44.89048697562613
813,813,5.0,3543.1999999997206,149.46528869370132,-44.38705645026774
814,814,5.0,3549.0,148.34907663828744,-44.040585800687886
815,815,5.0,3552.6999999997206,147.7997602098769,-43.242372329429244
816,816,5.0,3556.399999999907,146.94282658155643,-43.28077560777776
817,817,5.0,3560.2999999998137,146.81977755582517,-42.90209585180233
818,818,5.0,3564.2999999998137,146.87251515160352,-42.660192734788254
819,819,5.0,3567.899999999907,146.8944878087399,-42.475714048847486
820,820,5.0,3571.5,146.73188692727948,-42.003969411699885
821,821,5.0,3577.600000000093,146.6483897572774,-41.87321256477858
822,822,5.0,3581.399999999907,147.41743275705218,-41.85357671513837
823,823,5.0,3585.0,147.42183158001407,-41.745467766334805
824,824,5.0,3588.6999999997206,147.10981555714227,-41.93535629461576
825,825,5.0,3594.5,147.1317882142787,-42.00070455562977
826,826,5.0,3599.7999999998137,146.82417101436877,-41.94516240807168
827,827,5.0,3603.600000000093,146.60884326596644,-41.76513677631995
828,828,5.0,3607.2999999998137,146.79780489868872,-41.755303024783764
829,829,5.0,3612.6999999997206,146.85054249446708,-41.82083556678792
830,830,5.0,3618.2999999998137,147.04389758573302,-42.03335354633999
831,831,5.0,3621.899999999907,147.09663518151137,-42.18006653989256
832,832,5.0,3625.600000000093,147.3075694713701,-42.049671755868786
833,833,5.0,3631.2999999998137,147.2416514999608,-42.03988173144547
834,834,5.0,3635.399999999907,146.9911653543729,-42.11490268271919
835,835,5.0,3639.0,146.80659718019422,-42.00723609328765
836,836,5.0,3642.600000000093,146.70552081159943,-41.92881738271998
837,837,5.0,3648.1999999997206,146.01558152328306,-41.94189453617057
838,838,5.0,3652.100000000093,146.21333543751084,-41.88630111221727
839,839,5.0,3657.0,146.2177288960545,-41.84375652905196
840,840,5.0,3660.7999999998137,145.90571823760092,-41.742187677775576
841,841,5.0,3666.600000000093,146.38471787164033,-41.56159105188605
842,842,5.0,3672.0,146.0419476389631,-41.4562833216834
843,843,5.0,3675.7999999998137,145.84858718327897,-41.27819012310846
844,844,5.0,3679.600000000093,145.8925324975518,-41.116163426574836
845,845,5.0,3684.7999999998137,146.01118270032117,-41.13602609037516
846,846,5.0,3688.899999999907,146.15620438318882,-40.993551257097444
847,847,5.0,3692.5,146.5780783273245,-40.940459997327494
848,848,5.0,3696.1999999997206,147.51411566710337,-41.16580578340638
849,849,5.0,3702.2999999998137,147.3866731828285,-43.23597105639208
850,850,5.0,3706.1999999997206,147.38227972428484,-43.882425363594926
851,851,5.0,3710.1999999997206,147.27680989714636,-44.08479411229106
852,852,5.0,3714.1999999997206,147.17573352855155,-44.42473030794417
853,853,5.0,3719.7999999998137,147.2284711243299,-44.840652778305405
854,854,5.0,3724.6999999997206,147.00874455296568,-44.79701103886719
855,855,5.0,3728.2999999998137,147.07466252437496,-45.32779333502335
856,856,5.0,3732.0,146.9823784372856,-45.10800764930336
857,857,5.0,3737.600000000093,147.14497395432784,-45.117311131557685
858,858,5.0,3743.0,146.98677189582926,-45.26287397868599
859,859,5.0,3746.6999999997206,146.8329632958743,-45.241217677680055
860,860,5.0,3750.2999999998137,146.92524738296365,-45.35559155005417
861,861,5.0,3756.0,146.91206164291447,-45.389551122617945
862,862,5.0,3759.899999999907,146.93403430005088,-45.4481574578791
863,863,5.0,3763.5,146.87251515160352,-45.482061420265
864,864,5.0,3769.0,147.01753147005294,-45.472815710340356
865,865,5.0,3773.100000000093,147.02632375155846,-45.45432350238059
866,866,5.0,3776.899999999907,147.0790559829186,-45.371029733382635
867,867,5.0,3782.2999999998137,147.10102864005498,-45.296889163765684
868,868,5.0,3787.7999999998137,147.1361870372406,-45.21645831745577
869,869,5.0,3793.2999999998137,147.0702690658313,-45.1792981095809
870,870,5.0,3797.100000000093,147.23286458287353,-45.05215301183315
871,871,5.0,3800.600000000093,147.0702690658313,-45.06457071418809
872,872,5.0,3806.0,147.0526898672385,-44.93716806631769
873,873,5.0,3809.899999999907,146.9032747258272,-44.87491818570479
874,874,5.0,3813.7999999998137,146.9076681843708,-44.77517778218557
875,875,5.0,3817.399999999907,146.87690861014713,-44.650260080748424
876,876,5.0,3822.899999999907,146.84175021296156,-44.518807841067165
877,877,5.0,3826.7999999998137,146.79780489868872,-44.51567321901807
878,878,5.0,3830.6999999997206,146.85054249446708,-44.41845269733002
879,879,5.0,3834.1999999997206,146.92964084150725,-44.42159062906538
880,880,5.0,3839.7999999998137,147.07466252437496,-44.405895453936445
881,881,5.0,3843.600000000093,147.25044378146632,-44.32735639480589
882,882,5.0,3849.0,147.41743275705218,-44.32106833719199
883,883,5.0,3854.6999999997206,148.11616432687404,-44.27703690271193
884,884,5.0,3858.600000000093,147.98872184259918,-44.283329677879046
885,885,5.0,3862.7999999998137,148.65669383819736,-44.575181185500135
886,886,5.0,3866.6999999997206,148.78413632247225,-44.87180468247934
887,887,5.0,3872.1999999997206,148.5556174696025,-44.575181185500135
888,888,5.0,3876.0,148.2963390425091,-44.924724622529936
889,889,5.0,3879.899999999907,148.36665583688023,-45.086292363576305
890,890,5.0,3883.7999999998137,148.22163415401252,-45.017993269122066
891,891,5.0,3889.399999999907,148.19966149687613,-45.12351324133362
892,892,5.0,3893.1999999997206,148.21284723692526,-45.31234335587145
893,893,5.0,3897.100000000093,147.94477652832632,-45.5128644848998
894,894,5.0,3900.899999999907,147.80854712696413,-45.67276730565642
895,895,5.0,3904.7999999998137,147.8129405855078,-45.56518952169609
896,896,5.0,3908.600000000093,147.61079321273635,-45.491303732881555
897,897,5.0,3912.399999999907,147.7118695813312,-45.349414720116656
898,898,5.0,3918.2999999998137,147.7118695813312,-45.089396134934866
899,899,5.0,3923.7999999998137,147.6327658698728,-44.525072754753666
900,900,5.0,3929.1999999997206,147.61079321273635,-44.572049597666044
901,901,5.0,3933.1999999997206,147.5492686998707,-44.581441944856145
902,902,5.0,3937.100000000093,147.48335072846146,-44.61273372036436
903,903,5.0,3942.600000000093,147.3031760128264,-44.82818653699971
904,904,5.0,3946.2999999998137,147.14497395432784,-44.80324786731127
905,905,5.0,3950.2999999998137,147.0702690658313,-44.78765548392969
906,906,5.0,3954.1999999997206,147.20649846719346,-44.66588953881248
907,907,5.0,3959.600000000093,147.20649846719346,-44.39019606650913
908,908,5.0,3963.2999999998137,147.61079321273635,-44.21722480790774
909,909,5.0,3968.0,148.032667156872,-44.075323819396914
910,910,5.0,3973.600000000093,148.41938806824035,-44.179417513716174
911,911,5.0,3979.1999999997206,148.30073786547095,-44.06585201066259
912,912,5.0,3983.100000000093,148.35347009683107,-44.308492119310586
913,913,5.0,3986.899999999907,148.1689019226524,-44.10057520725263
914,914,5.0,3992.600000000093,148.01509332269745,-44.20777573931523
915,915,5.0,3996.2999999998137,148.4853060396496,-44.10057520725263
916,916,5.0,3999.899999999907,148.86762812805603,-43.92991770368537
917,917,6.0,4003.6999999997206,148.58396978995953,-43.88151893096945
918,918,6.0,4009.2999999998137,148.60813917636779,-43.924264585958234
919,919,6.0,4012.7999999998137,148.62351896347963,-44.03652341857875
920,920,6.0,4016.600000000093,148.68065001780164,-44.09967402644548
921,921,6.0,4021.0,148.72019919132168,-44.279283015473645
922,922,6.0,4026.600000000093,148.8454449463248,-44.139108941287176
923,923,6.0,4032.0,148.94212249195775,-44.16118041956346
924,924,6.0,4035.6999999997206,148.97288474839058,-44.181668316546435
925,925,6.0,4039.600000000093,148.9465186327105,-44.02546494240203
926,926,6.0,4045.100000000093,148.8586280041648,-43.97488632213639
927,927,6.0,4050.6999999997206,148.83445861775655,-43.95274431596328
928,928,6.0,4054.1999999997206,148.82566901846013,-43.949581326129575
929,929,6.0,4058.1999999997206,148.83006247700382,-44.07915669844335
930,930,6.0,4063.600000000093,148.7399751191863,-44.134377371196315
931,931,6.0,4067.399999999907,148.52903814711846,-43.86884790825148
932,932,6.0,4071.0,148.44554097711642,-43.86726420354469
933,933,6.0,4074.899999999907,148.3730328178917,-43.91160265691338
934,934,6.0,4078.7999999998137,148.46531690498102,-43.829232992406226
935,935,6.0,4082.600000000093,148.47630323354923,-43.810208293647776
936,936,6.0,4086.1999999997206,148.54441793423032,-43.83874355218285
937,937,6.0,4090.5,148.47849996282105,-43.949581326129575
938,938,6.0,4096.0,148.54222120495848,-44.06810714446227
939,939,6.0,4101.299999999814,148.73558166064265,-44.11071768533137
940,940,6.0,4106.299999999814,148.92893943411772,-43.97962968830992
941,941,6.0,4110.199999999721,148.3554536192989,-43.93534192572866
942,942,6.0,4115.799999999814,148.01268070441253,-43.8609270299963
943,943,6.0,4119.5,147.69188044666262,-43.82130685192509
944,944,6.0,4123.299999999814,147.8215169780002,-43.85934311484627
945,945,6.0,4127.0,147.70506350450265,-43.843497780062215
946,946,6.0,4132.399999999907,148.03245663227716,-43.827648235506516
947,947,6.0,4136.100000000093,147.98851131800433,-43.74516255224725
948,948,6.0,4139.799999999814,148.24559033361678,-43.73246256836429
949,949,6.0,4143.5,148.2521832036414,-43.70070033892457
950,950,6.0,4149.100000000093,148.49168302066107,-43.678456373182954
951,951,6.0,4152.699999999721,148.2543799329132,-43.659383689590776
952,952,6.0,4156.399999999907,148.01268070441253,-43.72769950106899
953,953,6.0,4162.5,147.8984212779777,-43.59576495595124
954,954,6.0,4168.199999999721,147.8896343608904,-43.6259926384293
955,955,6.0,4172.199999999721,148.09178173366186,-43.56393033981707
956,956,6.0,4175.899999999907,148.19285542004758,-43.675277851797645
957,957,6.0,4181.299999999814,148.18186909147934,-43.775315065010844
958,958,6.0,4185.0,148.243393604345,-43.930595022976895
959,959,6.0,4189.100000000093,148.3752295471635,-43.79752211607169
960,960,6.0,4192.5,148.45872403495645,-43.992277133895
961,961,6.0,4198.299999999814,148.27854931932146,-44.088627341129076
962,962,6.0,4202.199999999721,148.31590176356968,-44.20844988640684
963,963,6.0,4206.199999999721,148.29612851791424,-44.35788646010145
964,964,6.0,4210.199999999721,148.33567769143428,-44.38144695958223
965,965,6.0,4215.600000000093,148.51365567779752,-44.33745988628084
966,966,7.0,4221.0,148.12294066874904,-43.72709256195072
967,967,7.0,4224.600000000093,148.09108004768032,-43.684206022253406
968,968,7.0,4228.199999999721,148.04493666303108,-43.682616934901034
969,969,7.0,4233.5,147.93836981236123,-43.71121212817964
970,970,7.0,4239.0,147.90870726166892,-43.737412489910575
971,971,7.0,4242.699999999721,147.95155287020128,-43.71518263121478
972,972,7.0,4246.399999999907,148.0130773830669,-43.681027805456004
973,973,7.0,4252.399999999907,147.9405665416331,-43.66751923327285
974,974,7.0,4256.100000000093,148.0548246269634,-43.66592970397237
975,975,7.0,4259.699999999721,148.09217841231623,-43.62299941508601
976,976,7.0,4263.299999999814,148.1020663762485,-43.61425024439156
977,977,7.0,4268.799999999814,148.06800902590797,-43.60868250126675
978,978,7.0,4272.899999999907,148.01747084161056,-43.64367332993464
979,979,7.0,4276.299999999814,147.91529879058893,-43.6532129246143
980,980,7.0,4280.0,147.83399969096325,-43.61743199657262
981,981,7.0,4285.600000000093,147.69557221922472,-43.619817957509575
982,982,7.0,4290.799999999814,147.7592921202576,-43.59913583650067
983,983,7.0,4294.399999999907,147.7175448763611,-43.59038319390729
984,984,7.0,4298.100000000093,147.92738348379308,-43.58162976402071
985,985,7.0,4304.100000000093,147.9010160270084,-43.569690952391944
986,986,7.0,4309.0,147.8647619473961,-43.545010102152
987,987,7.0,4312.600000000093,147.8823398048843,-43.5115550441041
988,988,7.0,4316.600000000093,147.81971692738273,-43.53863877040531
989,989,7.0,4320.299999999814,147.84828245454375,-43.51952219402033
990,990,7.0,4324.600000000093,147.8988192977366,-43.51394520226922
991,991,7.0,4328.899999999907,147.91200235557665,-43.50199297844765
992,992,7.0,4332.5,147.9394681769972,-43.49242939807996
993,993,7.0,4338.199999999721,147.97023043343,-43.49083523967773
994,994,7.0,4343.699999999721,147.99549818447412,-43.479675925794865
995,995,7.0,4347.299999999814,147.97682196235002,-43.482864303027554
996,996,7.0,4350.799999999814,147.95375094057766,-43.488444166424074
997,997,7.0,4356.399999999907,147.96913206879407,-43.48127037871994
998,998,7.0,4361.899999999907,147.97792032698592,-43.482864303027554
999,999,7.0,4365.5,147.92958021306487,-43.48764728313816
1000,1000,7.0,4369.100000000093,147.90431246202073,-43.44219636006164
1001,1001,7.0,4374.899999999907,147.86695867666788,-43.370362326617936
1002,1002,7.0,4378.799999999814,147.82740816204324,-43.384735850576696
1003,1003,7.0,4382.399999999907,147.84278929025965,-43.339207596746164
1004,1004,7.0,4386.100000000093,147.74501069778168,-43.316031328704426
1005,1005,7.0,4390.199999999721,147.74061589813346,-43.25925109493616
1006,1006,7.0,4394.199999999721,147.6999670188729,-43.256850873118
1007,1007,7.0,4398.199999999721,147.73622109848526,-43.2816499044077
1008,1008,7.0,4402.199999999721,147.71424844134884,-43.31283367256684
1009,1009,7.0,4407.699999999721,147.74940549742988,-43.304839284073815
1010,1010,7.0,4412.899999999907,147.80213906989454,-43.320827009584896
1011,1011,7.0,4416.399999999907,147.80213906989454,-43.37595257063331
1012,1012,7.0,4420.0,147.88453653415613,-43.39271972355342
1013,1013,7.0,4425.5,147.81642183347503,-43.423048752330104
1014,1014,7.0,4431.100000000093,147.92298868414485,-43.39112293563351
1015,1015,7.0,4434.600000000093,147.90431246202073,-43.43102757728053
1016,1016,7.0,4438.699999999721,147.79994234062275,-43.42065499716966
1017,1017,7.0,4444.600000000093,147.83180296169147,-43.42384697436088
1018,1018,7.0,4448.299999999814,147.81312539846272,-43.386332806765985
1019,1019,7.0,4452.0,147.86256387701968,-43.3647715673019
1020,1020,7.0,4455.600000000093,147.76918008418994,-43.378348092498975
1021,1021,7.0,4461.600000000093,147.67909272637237,-43.37595257063331
1022,1022,7.0,4465.5,147.71205171207706,-43.376750925972715
1023,1023,7.0,4471.0,147.8515775484515,-43.40150106149516
1024,1024,7.0,4474.600000000093,147.84938081917966,-43.477284410803506
1025,1025,7.0,4480.299999999814,147.95375094057766,-43.39591317318042
1026,1026,7.0,4485.799999999814,147.92958021306487,-43.423048752330104
1027,1027,7.0,4489.600000000093,147.7801664127581,-43.368764949758024
1028,1028,7.0,4493.199999999721,147.59669526211079,-43.317630093676655
1029,1029,7.0,4499.100000000093,147.51979096213333,-43.33121667817307
1030,1030,7.0,4502.699999999721,147.53407238460926,-43.32402424510197
1031,1031,7.0,4506.299999999814,147.7779696834863,-43.34320266170939
1032,1032,7.0,4510.100000000093,147.59449719173443,-43.290446832742056
1033,1033,7.0,4515.799999999814,147.6856842552924,-43.25365059297707
1034,1034,7.0,4519.799999999814,147.65492199885958,-43.256850873118
1035,1035,7.0,4523.399999999907,147.97023043343,-43.24164694549116
1036,1036,7.0,4527.0,148.0822904483839,-43.25124966199936
1037,1037,7.0,4532.699999999721,147.8944244980884,-43.25365059297707
1038,1038,7.0,4538.0,147.3890533839507,-43.22643873415417
1039,1039,7.0,4543.399999999907,147.4505765557118,-43.264851570093796
1040,1040,7.0,4548.799999999814,147.6384425060073,-43.27445111629817
1041,1041,7.0,4552.699999999721,147.56813107605439,-43.232042226653924
1042,1042,7.0,4556.5,147.6999670188729,-43.230441211567836
1043,1043,7.0,4560.199999999721,147.61866791924726,-43.20482071688008
1044,1044,7.0,4565.699999999721,147.77357488383808,-43.22563840257532
1045,1045,7.0,4569.600000000093,147.9823151266341,-43.205621810489816
1046,1046,7.0,4573.299999999814,148.03175360519106,-43.22483757187625
1047,1047,7.0,4576.899999999907,147.94386297664536,-43.21122672758724
1048,1048,7.0,4582.399999999907,147.88453653415613,-43.1992147223234
1049,1049,7.0,4586.299999999814,147.91200235557665,-43.185598648182
1050,1050,7.0,4590.100000000093,147.74171426276936,-43.172780082968195
1051,1051,7.0,4594.100000000093,147.7878576474186,-43.13430921976494
1052,1052,7.0,4599.5,147.7713781545663,-43.174382611917636
1053,1053,7.0,4604.5,147.77577161310995,-43.156753458981626
1054,1054,7.0,4609.699999999721,147.6999670188729,-43.14473073178925
1055,1055,7.0,4615.399999999907,147.670303127076,-43.149540399994315
1056,1056,7.0,4619.199999999721,147.79554754097452,-43.15114304942812
1057,1057,7.0,4623.199999999721,147.79225110596224,-43.155150467499574
1058,1058,7.0,4627.0,147.71974160563298,-43.183195036042896
1059,1059,7.0,4632.5,147.7570953909858,-43.20802405070403
1060,1060,8.0,4636.299999999814,147.68327347677544,-43.06433506893116
1061,1061,8.0,4640.299999999814,147.70689368086573,-43.08078703405146
1062,1062,8.0,4644.0,147.70964026300777,-43.09883909255759
1063,1063,8.0,4649.5,147.71238684514987,-43.11087084235372
1064,1064,8.0,4654.0,147.71678164479806,-43.11488090011646
1065,1065,8.0,4658.899999999907,147.71678164479806,-43.12731031148103
1066,1066,8.0,4662.799999999814,147.74150088407654,-43.12811217753219
1067,1067,8.0,4668.299999999814,147.7436982839006,-43.14895578210782
1068,1068,8.0,4673.799999999814,147.73985266657036,-43.151761151661816
1069,1069,8.0,4677.699999999721,147.73710608442835,-43.14534865424412
1070,1070,8.0,4681.600000000093,147.73326113765035,-43.15055893607833
1071,1071,8.0,4687.399999999907,147.69810475212165,-43.129715878099056
1072,1072,8.0,4691.100000000093,147.69480898766162,-43.08760737488975
1073,1073,8.0,4694.899999999907,147.68876664105954,-43.08078703405146
1074,1074,8.0,4698.799999999814,147.65910341981495,-43.08158950971631
1075,1075,8.0,4704.199999999721,147.67558291266724,-43.05831491801369
1076,1076,8.0,4707.899999999907,147.68766760587138,-43.05711062091341
1077,1077,8.0,4711.799999999814,147.65910341981495,-43.04948424506238
1078,1078,8.0,4715.600000000093,147.6448213267867,-43.03462982459933
1079,1079,8.0,4721.100000000093,147.63767994499648,-43.033826734130905
1080,1080,8.0,4726.5,147.70524613391188,-43.0322207667424
1081,1081,8.0,4731.0,147.73326113765035,-43.02780358827061
1082,1082,8.0,4734.799999999814,147.82444753065607,-43.02659893718872
1083,1083,8.0,4740.299999999814,147.79643252691756,-43.02900821571129
1084,1084,8.0,4745.799999999814,147.82939151262224,-43.0322207667424
1085,1085,8.0,4750.0,147.87113942707094,-43.02860675755496
1086,1086,8.0,4753.799999999814,147.87937917349709,-43.03583431806543
1087,1087,8.0,4759.5,147.78599538066734,-43.03061451224569
1088,1088,8.0,4763.199999999721,147.69975296962778,-43.01173897628298
1089,1089,8.0,4767.299999999814,147.59867861268978,-42.9864287384982
1090,1090,8.0,4771.399999999907,147.5333098235985,-42.96753962177828
1091,1091,8.0,4777.0,147.5371554409287,-42.963118036390405
1092,1092,8.0,4782.399999999907,147.55363493378104,-42.97075514292949
1093,1093,8.0,4786.199999999721,147.57176197358723,-42.93457028595505
1094,1094,8.0,4790.0,147.5481417694969,-42.93215730391915
1095,1095,8.0,4795.299999999814,147.5805509023313,-42.91848129851408
1096,1096,8.0,4800.799999999814,147.56352222716103,-42.91807911820095
1097,1097,8.0,4804.600000000093,147.5750577380472,-42.91204462516595
1098,1098,8.0,4808.299999999814,147.61350988803594,-42.892730325717444
1099,1099,8.0,4813.699999999721,147.57560759091743,-42.885083292930695
1100,1100,8.0,4817.600000000093,147.5964812128657,-42.89433993849182
1101,1101,8.0,4821.399999999907,147.59812943037184,-42.930146331507856
1102,1102,8.0,4825.299999999814,147.60252355946773,-42.97155905828139
1103,1103,8.0,4830.799999999814,147.6085665766221,-43.00932902003407
1104,1104,8.0,4834.600000000093,147.6195529051903,-43.05068844693029
1105,1105,8.0,4838.5,147.63987734482055,-43.101245533775376
1106,1106,8.0,4844.0,147.6448213267867,-43.09643255675907
1107,1107,8.0,4849.600000000093,147.66569494873497,-43.106860521838065
1108,1108,8.0,4855.0,147.6986539344396,-43.13212110543286
1109,1109,8.0,4858.899999999907,147.70030215194572,-43.14895578210782
1110,1110,8.0,4862.699999999721,147.69535816997956,-43.164984451387156
1111,1111,8.0,4868.199999999721,147.69700638748574,-43.18020774383042
1112,1112,8.0,4871.899999999907,147.70414709872372,-43.18861916166801
1113,1113,8.0,4875.799999999814,147.71678164479806,-43.197830127610125
1114,1114,8.0,4879.699999999721,147.74919144818475,-43.21504694247215
1115,1115,8.0,4885.100000000093,147.74754323067862,-43.220651482102724
1116,1116,8.0,4888.699999999721,147.74699404836062,-43.22505451306509
1117,1117,8.0,4892.600000000093,147.75248721264472,-43.23385986526258
1118,1118,8.0,4896.299999999814,147.75688201229292,-43.2386622706802
1119,1119,8.0,4901.699999999721,147.76567094103703,-43.245865047045086
1120,1120,8.0,4907.399999999907,147.76017777675295,-43.23906235227704
1121,1121,8.0,4911.299999999814,147.76017777675295,-43.20263537147076
1122,1122,8.0,4915.100000000093,147.7453458308545,-43.10405309218242
1123,1123,8.0,4920.399999999907,147.73710608442835,-43.14093987080395
1124,1124,8.0,4925.699999999721,147.69096404088367,-43.07516965500536
1125,1125,8.0,4929.5,147.67228714820726,-43.10244896371254
1126,1126,8.0,4933.199999999721,147.67118811301904,-43.06834817447115
1127,1127,8.0,4938.600000000093,147.6530610732129,-43.04627284282262
1128,1128,8.0,4942.199999999721,147.63877898018464,-43.0490826758462
1129,1129,8.0,4946.199999999721,147.60362259465595,-43.022984596982745
1130,1130,8.0,4950.100000000093,147.59758024805387,-43.01977180766968
1131,1131,8.0,4955.299999999814,147.58329748447335,-43.0057136631771
1132,1132,8.0,4958.899999999907,147.56901539144513,-43.0053120526953
1133,1133,8.0,4962.600000000093,147.55802906287693,-43.00410696030735
1134,1134,8.0,4966.299999999814,147.55418411609898,-42.99325957456586
1135,1135,8.0,4971.799999999814,147.54209875234258,-42.98120473232097
1136,1136,8.0,4977.100000000093,147.53770462324664,-42.96874543124291
1137,1137,8.0,4981.199999999721,147.5305632414564,-42.942613203839045
1138,1138,9.0,4985.0,147.55735773123567,-42.90569346092458
1139,1139,9.0,4990.600000000093,147.55351244918157,-42.88939574833381
1140,1140,9.0,4994.199999999721,147.5551606666877,-42.8811446711625
1141,1141,9.0,4998.100000000093,147.55049127588057,-42.87108082844979
1142,1142,9.0,5002.100000000093,147.55213915811052,-42.842893337591455
1143,1143,9.0,5007.5,147.55543525784668,-42.84611536716855
1144,1144,9.0,5011.299999999814,147.5672453598918,-42.84510848561364
1145,1145,9.0,5015.199999999721,147.56285089551977,-42.82899614882893
1146,1146,9.0,5018.899999999907,147.56697076873286,-42.83383034016277
1147,1147,9.0,5024.299999999814,147.56916816855698,-42.82375878399482
1148,1148,9.0,5028.0,147.57273852417595,-42.82315434007531
1149,1149,9.0,5032.899999999907,147.5757600327531,-42.82013252367747
1150,1150,9.0,5036.600000000093,147.58427437033828,-42.81146918939558
1151,1151,9.0,5041.600000000093,147.58702095248032,-42.81146918939558
1152,1152,9.0,5045.299999999814,147.58207697051415,-42.81227518363409
1153,1153,9.0,5049.199999999721,147.5900421257813,-42.83201753198804
1154,1154,9.0,5053.100000000093,147.58784472595724,-42.82496740820199
1155,1155,9.0,5058.600000000093,147.58372485274415,-42.815901781786195
1156,1156,9.0,5062.199999999721,147.57905579721313,-42.79675887210377
1157,1157,9.0,5066.0,147.5743867416821,-42.811066188337485
1158,1158,9.0,5070.100000000093,147.573837224088,-42.80361074859319
1159,1159,9.0,5075.600000000093,147.56230171320183,-42.79212340681893
1160,1160,9.0,5079.399999999907,147.57246393301696,-42.79434037435788
1161,1161,9.0,5083.299999999814,147.5793303883721,-42.778416474048804
1162,1162,9.0,5087.199999999721,147.57246393301696,-42.78688279590018
1163,1163,9.0,5092.799999999814,147.57603462391208,-42.793937261708756
1164,1164,9.0,5098.299999999814,147.58592225256825,-42.79131715001393
1165,1165,9.0,5104.0,147.5713652331049,-42.78668127713087
1166,1166,9.0,5109.899999999907,147.56944275971597,-42.7915187767088
1167,1167,9.0,5113.699999999721,147.5474701025795,-42.799781830618635
1168,1168,9.0,5117.5,147.56669617757387,-42.81650617364055
1169,1169,9.0,5121.399999999907,147.5551606666877,-42.821139812220366
1170,1170,9.0,5127.100000000093,147.5537873756167,-42.822147084352984
1171,1171,9.0,5130.799999999814,147.5331880095513,-42.83040617060457
1172,1172,9.0,5134.5,147.52879320990309,-42.83282325839388
1173,1173,9.0,5138.299999999814,147.5274199188321,-42.8378585031299
1174,1174,9.0,5142.299999999814,147.5175322901759,-42.84309467326999
1175,1175,9.0,5146.299999999814,147.50901795259077,-42.845309814073154
1176,1176,10.0,5150.100000000093,147.52906799723604,-42.86173369603335
1177,1177,10.0,5154.799999999814,147.5253601783995,-42.865055436237554
1178,1178,10.0,5160.399999999907,147.52508541960245,-42.86485411070525
1179,1179,10.0,5167.100000000093,147.52357483295194,-42.86525676111329
1180,1180,10.0,5170.899999999907,147.5169829687558,-42.865558716478176
1181,1181,10.0,5176.399999999907,147.51492311596832,-42.86726985089223
1182,1182,10.0,5180.5,147.51876831420333,-42.86767248554345
1183,1183,10.0,5184.100000000093,147.51341244549872,-42.86857831175783
1184,1184,10.0,5187.799999999814,147.5190429053623,-42.87018873903488
1185,1185,10.0,5191.699999999721,147.5160217320613,-42.87189968367375
1186,1186,10.0,5195.399999999907,147.51753231871183,-42.87421453126013
1187,1187,10.0,5199.100000000093,147.51972955089784,-42.87512026146578
1188,1188,10.0,5202.799999999814,147.5209655463894,-42.87300680887992
1189,1189,10.0,5208.5,147.51918036857987,-42.874315148130556
1190,1190,10.0,5212.399999999907,147.51766961429132,-42.87501964590802
1191,1191,10.0,5216.0,147.51876831420333,-42.87592536429725
1192,1192,10.0,5221.299999999814,147.52124030518644,-42.87572413564301
1193,1193,10.0,5226.799999999814,147.52124030518644,-42.87391255681055
1194,1194,10.0,5231.399999999907,147.5264587106735,-42.87069197742392
1195,1195,10.0,5235.100000000093,147.53277581607261,-42.87028936246869
1196,1196,10.0,5238.799999999814,147.5437621446408,-42.86404886344721
1197,1197,10.0,5244.5,147.54458625339387,-42.86193503174168
1198,1198,10.0,5248.299999999814,147.55529782316503,-42.856499044386645
1199,1199,10.0,5251.799999999814,147.56999213820788,-42.85800908205236
1200,1200,10.0,5255.299999999814,147.5680694971808,-42.8562976909523
1201,1201,10.0,5260.899999999907,147.58166511231155,-42.854586313867784
1202,1202,10.0,5264.799999999814,147.57987976686402,-42.85438495419672
1203,1203,10.0,5268.299999999814,147.58345029012108,-42.85438495419672
1204,1204,10.0,5271.899999999907,147.58454899003314,-42.854686962734036
1205,1205,10.0,5277.699999999721,147.5746611937389,-42.85569368815512
1206,1206,10.0,5281.600000000093,147.57260125713233,-42.85539168454112
1207,1207,10.0,5287.0,147.54898071776591,-42.85861312364454
1208,1208,10.0,5290.699999999721,147.53936768026873,-42.85690174928568
1209,1209,10.0,5296.5,147.52893070165655,-42.85982106621981
1210,1210,10.0,5302.0,147.51876831420333,-42.86102904660369
1211,1211,10.0,5305.600000000093,147.51396179545475,-42.86223700335382
1212,1212,10.0,5309.199999999721,147.52357483295194,-42.86435082472028
1213,1213,10.0,5314.600000000093,147.50929257228563,-42.861431721959505
1214,1214,10.0,5318.699999999721,147.50709534009962,-42.868779625144306
1215,1215,10.0,5322.399999999907,147.51258850438376,-42.86757179641019
1216,1216,10.0,5326.0,147.52275089183692,-42.88498218555811
1217,1217,10.0,5331.5,147.54774472227436,-42.887095289408315
1218,1218,10.0,5335.399999999907,147.54801948107144,-42.89403767736618
1219,1219,10.0,5339.0,147.554748473209,-42.8895100976457
1220,1220,10.0,5342.600000000093,147.54994195446042,-42.894138323317925
1221,1221,10.0,5348.299999999814,147.5272826517885,-42.88900701271575
1222,1222,10.0,5353.600000000093,147.53167728379862,-42.88135964115421
1223,1223,10.0,5357.399999999907,147.5428009079463,-42.885787221130535
1224,1224,10.0,5361.0,147.5374450392417,-42.87723370309753
1225,1225,10.0,5366.5,147.53689568928567,-42.87018873903488
1226,1226,10.0,5372.100000000093,147.5411530257163,-42.87220166797242
1227,1227,10.0,5375.699999999721,147.5414276168753,-42.85861312364454
1228,1228,10.0,5379.399999999907,147.55502323200608,-42.85821042990631
1229,1229,10.0,5384.899999999907,147.55241394544348,-42.85680104258511
1230,1230,10.0,5388.699999999721,147.54760742669487,-42.849451713698464
1231,1231,10.0,5392.299999999814,147.53346246160808,-42.845827083651706
1232,1232,10.0,5396.0,147.5304412883071,-42.83978551996109
1233,1233,10.0,5401.600000000093,147.53387451598462,-42.83877853524036
1234,1234,10.0,5405.5,147.52577206513797,-42.832836966756
1235,1235,10.0,5410.799999999814,147.52687076505003,-42.83746944286159
1236,1236,10.0,5414.299999999814,147.53085334268363,-42.849049021669636
